{
  "chemicals": {
    "adenosine": {
      "level": 0.2982223505613758,
      "baseline": 0.2
    },
    "melatonin": {
      "level": 0.3,
      "baseline": 0.3
    },
    "dopamine": {
      "level": 0.5,
      "baseline": 0.5
    },
    "serotonin": {
      "level": 0.5,
      "baseline": 0.5
    },
    "cortisol": {
      "level": 0.3,
      "baseline": 0.3
    },
    "oxytocin": {
      "level": 0.4,
      "baseline": 0.4
    },
    "norepinephrine": {
      "level": 0.5,
      "baseline": 0.5
    }
  },
  "session_start": "2026-01-25T00:37:41.867569",
  "total_activity": 0.006
}