{
  "chemicals": {
    "adenosine": {
      "level": 0.33203166676836554,
      "baseline": 0.2
    },
    "melatonin": {
      "level": 0.3,
      "baseline": 0.3
    },
    "dopamine": {
      "level": 1.0,
      "baseline": 0.5
    },
    "serotonin": {
      "level": 0.5982294049951609,
      "baseline": 0.5
    },
    "cortisol": {
      "level": 0.38772769743432267,
      "baseline": 0.3
    },
    "oxytocin": {
      "level": 0.5294862163423657,
      "baseline": 0.4
    },
    "norepinephrine": {
      "level": 1.0,
      "baseline": 0.5
    }
  },
  "session_start": "2026-01-24T20:59:20.215598",
  "total_activity": 0.024000000000000014
}